<?xml version="1.0"?>
<houses>
	<house name="Baiak Loft #001" houseid="1" entryx="664" entryy="754" entryz="7" rent="0" townid="1" size="18" />
	<house name="Baiak Loft #002" houseid="2" entryx="664" entryy="758" entryz="7" rent="0" townid="1" size="18" />
	<house name="Baiak Loft #003" houseid="3" entryx="664" entryy="761" entryz="7" rent="0" townid="1" size="18" />
	<house name="Baiak Loft #004" houseid="4" entryx="664" entryy="765" entryz="7" rent="0" townid="1" size="18" />
	<house name="Baiak Studio #001" houseid="5" entryx="664" entryy="769" entryz="7" rent="0" townid="1" size="36" />
	<house name="Baiak Studio #002" houseid="6" entryx="665" entryy="770" entryz="7" rent="0" townid="1" size="45" />
	<house name="Baiak Loft #005" houseid="7" entryx="671" entryy="767" entryz="7" rent="0" townid="1" size="15" />
	<house name="Baiak Loft #006" houseid="8" entryx="681" entryy="770" entryz="7" rent="0" townid="1" size="15" />
	<house name="Baiak Loft #007" houseid="9" entryx="663" entryy="785" entryz="7" rent="0" townid="1" size="12" />
	<house name="Baiak Loft #008" houseid="10" entryx="673" entryy="785" entryz="7" rent="0" townid="1" size="12" />
	<house name="Baiak Loft #009" houseid="11" entryx="686" entryy="785" entryz="7" rent="0" townid="1" size="12" />
	<house name="Baiak Loft #010" houseid="12" entryx="711" entryy="775" entryz="7" rent="0" townid="1" size="32" />
	<house name="Baiak Loft #011" houseid="13" entryx="716" entryy="775" entryz="7" rent="0" townid="1" size="32" />
	<house name="Baiak Loft #012" houseid="14" entryx="721" entryy="775" entryz="7" rent="0" townid="1" size="32" />
	<house name="Baiak Loft #013" houseid="15" entryx="726" entryy="775" entryz="7" rent="0" townid="1" size="32" />
	<house name="Baiak Loft #014" houseid="16" entryx="731" entryy="775" entryz="7" rent="0" townid="1" size="32" />
	<house name="Baiak Loft #015" houseid="17" entryx="736" entryy="775" entryz="7" rent="0" townid="1" size="32" />
	<house name="Baiak Loft #016" houseid="18" entryx="732" entryy="777" entryz="7" rent="0" townid="1" size="12" />
	<house name="Baiak Loft #017" houseid="19" entryx="736" entryy="777" entryz="7" rent="0" townid="1" size="12" />
	<house name="Baiak Loft #018" houseid="20" entryx="728" entryy="785" entryz="7" rent="0" townid="1" size="12" />
	<house name="Baiak Loft #019" houseid="21" entryx="738" entryy="785" entryz="7" rent="0" townid="1" size="12" />
	<house name="Baiak Loft #020" houseid="22" entryx="728" entryy="790" entryz="7" rent="0" townid="1" size="12" />
	<house name="Baiak Loft #021" houseid="23" entryx="738" entryy="790" entryz="7" rent="0" townid="1" size="12" />
	<house name="Baiak Loft #022" houseid="24" entryx="745" entryy="790" entryz="7" rent="0" townid="1" size="15" />
	<house name="Baiak Loft #023" houseid="25" entryx="745" entryy="787" entryz="7" rent="0" townid="1" size="15" />
	<house name="Baiak Loft #024" houseid="26" entryx="755" entryy="790" entryz="7" rent="0" townid="1" size="15" />
	<house name="Baiak Loft #025" houseid="27" entryx="755" entryy="787" entryz="7" rent="0" townid="1" size="15" />
	<house name="Baiak Loft #026" houseid="28" entryx="745" entryy="779" entryz="7" rent="0" townid="1" size="18" />
	<house name="Baiak Loft #027" houseid="29" entryx="755" entryy="775" entryz="7" rent="0" townid="1" size="18" />
	<house name="Baiak Loft #028" houseid="30" entryx="745" entryy="767" entryz="7" rent="0" townid="1" size="15" />
	<house name="Baiak Loft #029" houseid="31" entryx="755" entryy="770" entryz="7" rent="0" townid="1" size="15" />
	<house name="Baiak Loft #030" houseid="32" entryx="745" entryy="762" entryz="7" rent="0" townid="1" size="18" />
	<house name="Baiak Loft #031" houseid="33" entryx="767" entryy="776" entryz="7" rent="0" townid="1" size="18" />
	<house name="Baiak Loft #032" houseid="34" entryx="767" entryy="780" entryz="7" rent="0" townid="1" size="18" />
	<house name="Baiak Loft #033" houseid="35" entryx="764" entryy="801" entryz="7" rent="0" townid="1" size="18" />
	<house name="Baiak Loft #034" houseid="36" entryx="751" entryy="801" entryz="7" rent="0" townid="1" size="18" />
	<house name="Baiak Loft #035" houseid="37" entryx="747" entryy="801" entryz="7" rent="0" townid="1" size="18" />
	<house name="Baiak Loft #036" houseid="38" entryx="691" entryy="843" entryz="7" rent="0" townid="1" size="18" />
	<house name="Baiak Loft #037" houseid="39" entryx="687" entryy="843" entryz="7" rent="0" townid="1" size="18" />
	<house name="Baiak Loft #038" houseid="40" entryx="683" entryy="843" entryz="7" rent="0" townid="1" size="18" />
	<house name="Baiak Loft #039" houseid="41" entryx="655" entryy="853" entryz="7" rent="0" townid="1" size="24" />
	<house name="Baiak Loft #040" houseid="42" entryx="655" entryy="856" entryz="7" rent="0" townid="1" size="24" />
	<house name="Baiak Loft #041" houseid="43" entryx="652" entryy="856" entryz="7" rent="0" townid="1" size="24" />
	<house name="Baiak Loft #042" houseid="44" entryx="652" entryy="853" entryz="7" rent="0" townid="1" size="24" />
	<house name="Baiak Loft #043" houseid="45" entryx="700" entryy="844" entryz="7" rent="0" townid="1" size="36" />
	<house name="Baiak Loft #044" houseid="46" entryx="700" entryy="849" entryz="7" rent="0" townid="1" size="36" />
	<house name="Baiak Loft #045" houseid="47" entryx="700" entryy="854" entryz="7" rent="0" townid="1" size="36" />
	<house name="Baiak Loft #046" houseid="48" entryx="700" entryy="859" entryz="7" rent="0" townid="1" size="36" />
	<house name="Baiak Loft #047" houseid="49" entryx="700" entryy="864" entryz="7" rent="0" townid="1" size="36" />
	<house name="Baiak Loft #048" houseid="50" entryx="728" entryy="882" entryz="7" rent="0" townid="1" size="32" />
	<house name="Baiak Loft #049" houseid="51" entryx="721" entryy="882" entryz="7" rent="0" townid="1" size="32" />
	<house name="Baiak Loft #050" houseid="52" entryx="730" entryy="888" entryz="7" rent="0" townid="1" size="32" />
	<house name="Baiak Studio #003" houseid="53" entryx="689" entryy="771" entryz="7" rent="0" townid="1" size="24" />
	<house name="Baiak Studio #004" houseid="54" entryx="670" entryy="785" entryz="7" rent="0" townid="1" size="20" />
	<house name="Baiak Studio #005" houseid="55" entryx="664" entryy="799" entryz="7" rent="0" townid="1" size="24" />
	<house name="Baiak Studio #006" houseid="56" entryx="685" entryy="795" entryz="7" rent="0" townid="1" size="25" />
	<house name="Baiak Studio #007" houseid="57" entryx="680" entryy="804" entryz="7" rent="0" townid="1" size="20" />
	<house name="Baiak Studio #008" houseid="58" entryx="701" entryy="786" entryz="7" rent="0" townid="1" size="16" />
	<house name="Baiak Studio #009" houseid="59" entryx="701" entryy="783" entryz="7" rent="0" townid="1" size="16" />
	<house name="Baiak Studio #010" houseid="60" entryx="732" entryy="805" entryz="7" rent="0" townid="1" size="25" />
	<house name="Baiak Studio #011" houseid="61" entryx="729" entryy="810" entryz="7" rent="0" townid="1" size="28" />
	<house name="Baiak Studio #012" houseid="62" entryx="768" entryy="791" entryz="7" rent="0" townid="1" size="20" />
	<house name="Baiak Studio #013" houseid="63" entryx="772" entryy="791" entryz="7" rent="0" townid="1" size="20" />
	<house name="Baiak Studio #014" houseid="64" entryx="762" entryy="772" entryz="7" rent="0" townid="1" size="25" />
	<house name="Baiak Studio #015" houseid="65" entryx="745" entryy="758" entryz="7" rent="0" townid="1" size="30" />
	<house name="Baiak Studio #016" houseid="66" entryx="664" entryy="800" entryz="7" rent="0" townid="1" size="20" />
	<house name="Baiak Studio #017" houseid="67" entryx="669" entryy="800" entryz="7" rent="0" townid="1" size="20" />
	<house name="Baiak Studio #018" houseid="68" entryx="650" entryy="843" entryz="7" rent="0" townid="1" size="12" />
	<house name="Baiak Studio #019" houseid="69" entryx="656" entryy="843" entryz="7" rent="0" townid="1" size="12" />
	<house name="Baiak Studio #020" houseid="70" entryx="663" entryy="843" entryz="7" rent="0" townid="1" size="16" />
	<house name="Baiak Studio #021" houseid="71" entryx="670" entryy="843" entryz="7" rent="0" townid="1" size="16" />
	<house name="Baiak Studio #022" houseid="72" entryx="671" entryy="870" entryz="7" rent="0" townid="1" size="20" />
	<house name="Baiak Studio #023" houseid="73" entryx="703" entryy="888" entryz="7" rent="0" townid="1" size="16" />
	<house name="Baiak Studio #024" houseid="74" entryx="708" entryy="888" entryz="7" rent="0" townid="1" size="16" />
	<house name="Baiak Studio #025" houseid="75" entryx="713" entryy="888" entryz="7" rent="0" townid="1" size="16" />
	<house name="Baiak Studio #026" houseid="76" entryx="718" entryy="888" entryz="7" rent="0" townid="1" size="16" />
	<house name="Baiak Studio #027" houseid="77" entryx="723" entryy="888" entryz="7" rent="0" townid="1" size="16" />
	<house name="Baiak Studio #028" houseid="78" entryx="720" entryy="867" entryz="7" rent="0" townid="1" size="16" />
	<house name="Baiak Studio #029" houseid="79" entryx="720" entryy="867" entryz="7" rent="0" townid="1" size="16" />
	<house name="Baiak Apartment #001" houseid="80" entryx="681" entryy="773" entryz="7" rent="0" townid="1" size="32" />
	<house name="Baiak Apartment #002" houseid="81" entryx="701" entryy="771" entryz="7" rent="0" townid="1" size="40" />
	<house name="Baiak Apartment #003" houseid="82" entryx="690" entryy="767" entryz="7" rent="0" townid="1" size="34" />
	<house name="Baiak Apartment #004" houseid="83" entryx="733" entryy="761" entryz="7" rent="0" townid="1" size="89" />
	<house name="Baiak Apartment #005" houseid="84" entryx="756" entryy="764" entryz="7" rent="0" townid="1" size="45" />
	<house name="Baiak Apartment #006" houseid="85" entryx="767" entryy="772" entryz="7" rent="0" townid="1" size="46" />
	<house name="Baiak Apartment #007" houseid="86" entryx="767" entryy="773" entryz="7" rent="0" townid="1" size="42" />
	<house name="Baiak Apartment #008" houseid="87" entryx="758" entryy="801" entryz="7" rent="0" townid="1" size="74" />
	<house name="Baiak Apartment #009" houseid="88" entryx="732" entryy="807" entryz="7" rent="0" townid="1" size="39" />
	<house name="Baiak Apartment #010" houseid="89" entryx="698" entryy="795" entryz="7" rent="0" townid="1" size="54" />
	<house name="Baiak Apartment #011" houseid="90" entryx="692" entryy="795" entryz="7" rent="0" townid="1" size="32" />
	<house name="Baiak Apartment #012" houseid="91" entryx="687" entryy="787" entryz="7" rent="0" townid="1" size="34" />
	<house name="Baiak Apartment #013" houseid="92" entryx="674" entryy="786" entryz="7" rent="0" townid="1" size="34" />
	<house name="Baiak Apartment #014" houseid="93" entryx="662" entryy="786" entryz="7" rent="0" townid="1" size="34" />
	<house name="Baiak Clan House #001" houseid="94" entryx="787" entryy="771" entryz="6" rent="0" townid="1" size="218" />
	<house name="Baiak Apartment #015" houseid="96" entryx="641" entryy="832" entryz="7" rent="0" townid="1" size="47" />
	<house name="Baiak Apartment #016" houseid="97" entryx="641" entryy="838" entryz="7" rent="0" townid="1" size="47" />
	<house name="Baiak Apartment #017" houseid="107" entryx="641" entryy="844" entryz="7" rent="0" townid="1" size="47" />
	<house name="Baiak Apartment #018" houseid="108" entryx="647" entryy="832" entryz="7" rent="0" townid="1" size="36" />
	<house name="Baiak Apartment #019" houseid="109" entryx="690" entryy="882" entryz="7" rent="0" townid="1" size="37" />
	<house name="Baiak Apartment #020" houseid="110" entryx="691" entryy="878" entryz="7" rent="0" townid="1" size="38" />
	<house name="Baiak Apartment #021" houseid="111" entryx="712" entryy="882" entryz="7" rent="0" townid="1" size="36" />
	<house name="Baiak Apartment #022" houseid="112" entryx="715" entryy="862" entryz="7" rent="0" townid="1" size="23" />
	<house name="Baiak Deposit #001" houseid="113" entryx="706" entryy="762" entryz="7" rent="0" townid="1" size="63" />
	<house name="Baiak Shack #001" houseid="114" entryx="733" entryy="802" entryz="8" rent="0" townid="1" size="25" />
	<house name="Baiak Shack #002" houseid="115" entryx="742" entryy="797" entryz="8" rent="0" townid="1" size="41" />
	<house name="Baiak Shack #003" houseid="116" entryx="744" entryy="795" entryz="8" rent="0" townid="1" size="21" />
	<house name="Baiak Shack #004" houseid="117" entryx="742" entryy="793" entryz="8" rent="0" townid="1" size="31" />
	<house name="Baiak Shack #005" houseid="118" entryx="735" entryy="793" entryz="8" rent="0" townid="1" size="19" />
	<house name="Port Harbor Apartment #001" houseid="119" entryx="1183" entryy="1670" entryz="7" rent="0" townid="2" size="16" />
	<house name="Port Harbor Apartment #002" houseid="120" entryx="1188" entryy="1670" entryz="7" rent="0" townid="2" size="16" />
	<house name="Port Harbor Apartment #003" houseid="121" entryx="1193" entryy="1670" entryz="7" rent="0" townid="2" size="16" />
	<house name="Port Harbor Apartment #004" houseid="122" entryx="1201" entryy="1665" entryz="7" rent="0" townid="2" size="60" />
	<house name="Guild Hall #001" houseid="123" entryx="681" entryy="894" entryz="7" rent="0" guildhall="true" townid="1" size="265" />
	<house name="Unnamed House #124" houseid="124" entryx="1850" entryy="896" entryz="7" rent="0" townid="3" size="184" />
	<house name="Unnamed House #125" houseid="125" entryx="1853" entryy="889" entryz="7" rent="0" townid="3" size="52" />
	<house name="Unnamed House #126" houseid="126" entryx="1841" entryy="877" entryz="6" rent="0" townid="3" size="97" />
	<house name="Unnamed House #127" houseid="127" entryx="1873" entryy="881" entryz="6" rent="0" townid="3" size="70" />
	<house name="Unnamed House #128" houseid="128" entryx="1860" entryy="896" entryz="7" rent="0" townid="3" size="78" />
	<house name="Unnamed House #129" houseid="129" entryx="1869" entryy="896" entryz="7" rent="0" townid="3" size="55" />
	<house name="Unnamed House #130" houseid="130" entryx="1871" entryy="898" entryz="7" rent="0" townid="3" size="50" />
	<house name="Unnamed House #131" houseid="131" entryx="1848" entryy="918" entryz="7" rent="0" townid="3" size="147" />
	<house name="Unnamed House #132" houseid="132" entryx="1855" entryy="920" entryz="7" rent="0" townid="3" size="112" />
	<house name="Unnamed House #133" houseid="133" entryx="1854" entryy="934" entryz="6" rent="0" townid="3" size="110" />
	<house name="Unnamed House #134" houseid="134" entryx="1860" entryy="914" entryz="7" rent="0" townid="3" size="63" />
	<house name="Unnamed House #135" houseid="135" entryx="1862" entryy="913" entryz="7" rent="0" townid="3" size="115" />
	<house name="Unnamed House #136" houseid="136" entryx="1880" entryy="917" entryz="6" rent="0" townid="3" size="56" />
</houses>
